RMSE,MAE,R2,sMAPE
18.62596998313108,11.355112075805664,0.3213641047477722,2.610069
